{"cameraMode":{"drawMode":0,"name":"Shaded","section":"Shading Mode"},"sceneLighting":true,"audioPlay":false,"sceneViewState":{"showFog":true,"showMaterialUpdate":false,"showSkybox":true,"showFlares":true,"showImageEffects":true,"showParticleSystems":true},"in2DMode":false,"pivot":{"x":0.18430037796497346,"y":-6.21773099899292,"z":-2.621781349182129},"rotation":{"x":-0.21461886167526246,"y":0.6726577281951904,"z":-0.21384745836257935,"w":-0.6750849485397339},"size":13.767178535461426,"orthographic":false}